id,question_type,corruption,clean_emb_sim,corrupt_emb_sim,corrupt_mech_f1,corrupt_graph_support,corrupt_token_f1
0,cross_domain_mapping,no_graph,1.0,0.9199,0.6667,0.4610,0.5368
0,cross_domain_mapping,shuffled_graph,1.0,0.9356,0.8000,0.4805,0.5276
0,cross_domain_mapping,wrong_graph,1.0,0.9397,0.6667,0.5519,0.5340
0,cross_domain_mapping,no_synthesis,1.0,0.8961,0.5000,0.4156,0.4833
0,cross_domain_mapping,shuffled_synthesis,1.0,0.9459,0.6667,0.6039,0.5975
1,cross_domain_mapping,no_graph,1.0,0.9673,0.2857,0.4669,0.6417
1,cross_domain_mapping,shuffled_graph,1.0,0.9663,1.0000,0.4280,0.5954
1,cross_domain_mapping,wrong_graph,1.0,0.9704,0.5000,0.4864,0.6457
1,cross_domain_mapping,no_synthesis,1.0,0.9713,0.6667,0.5720,0.7500
1,cross_domain_mapping,shuffled_synthesis,1.0,0.9743,0.5000,0.5798,0.7514
2,causal_multiscale_reasoning,no_graph,1.0,0.9881,0.5714,0.4702,0.6836
2,causal_multiscale_reasoning,shuffled_graph,1.0,0.9678,0.5000,0.4940,0.6937
2,causal_multiscale_reasoning,wrong_graph,1.0,0.9795,0.5000,0.4643,0.6103
2,causal_multiscale_reasoning,no_synthesis,1.0,0.9614,0.6667,0.5357,0.6996
2,causal_multiscale_reasoning,shuffled_synthesis,1.0,0.9400,0.8571,0.5298,0.6996
3,hidden_variable_identification,no_graph,1.0,0.9718,0.6667,0.5220,0.7287
3,hidden_variable_identification,shuffled_graph,1.0,0.9813,0.5455,0.4906,0.6850
3,hidden_variable_identification,wrong_graph,1.0,0.9542,0.5000,0.5975,0.6456
3,hidden_variable_identification,no_synthesis,1.0,0.9723,0.7273,0.6226,0.7396
3,hidden_variable_identification,shuffled_synthesis,1.0,0.9862,0.6000,0.6352,0.7509
4,model_abstraction_and_breakdown,no_graph,1.0,0.9759,0.4444,0.4878,0.5994
4,model_abstraction_and_breakdown,shuffled_graph,1.0,0.9779,0.5000,0.5183,0.6062
4,model_abstraction_and_breakdown,wrong_graph,1.0,0.9766,0.6667,0.5061,0.6429
4,model_abstraction_and_breakdown,no_synthesis,1.0,0.9744,0.6000,0.6341,0.6627
4,model_abstraction_and_breakdown,shuffled_synthesis,1.0,0.9767,0.5000,0.7744,0.6289
5,tradeoff_and_non_monotonicity,no_graph,1.0,0.9817,0.6154,0.5192,0.6667
5,tradeoff_and_non_monotonicity,shuffled_graph,1.0,0.9873,0.7273,0.5433,0.6628
5,tradeoff_and_non_monotonicity,wrong_graph,1.0,0.9888,0.8000,0.4375,0.6971
5,tradeoff_and_non_monotonicity,no_synthesis,1.0,0.9915,0.7273,0.6250,0.8443
5,tradeoff_and_non_monotonicity,shuffled_synthesis,1.0,0.9937,0.9091,0.6202,0.8943
6,tradeoff_and_non_monotonicity,no_graph,1.0,0.9725,0.5000,0.4858,0.6042
6,tradeoff_and_non_monotonicity,shuffled_graph,1.0,0.9777,0.6000,0.5566,0.6254
6,tradeoff_and_non_monotonicity,wrong_graph,1.0,0.9753,0.6667,0.4434,0.5654
6,tradeoff_and_non_monotonicity,no_synthesis,1.0,0.9742,0.8000,0.5472,0.6643
6,tradeoff_and_non_monotonicity,shuffled_synthesis,1.0,0.9685,0.6667,0.5566,0.5755
7,model_abstraction_and_breakdown,no_graph,1.0,0.9670,0.4000,0.6261,0.5919
7,model_abstraction_and_breakdown,shuffled_graph,1.0,0.9756,0.3333,0.6522,0.5988
7,model_abstraction_and_breakdown,wrong_graph,1.0,0.9682,0.6667,0.6261,0.6488
7,model_abstraction_and_breakdown,no_synthesis,1.0,0.9731,0.4000,0.6522,0.6231
7,model_abstraction_and_breakdown,shuffled_synthesis,1.0,0.9731,0.0000,0.6522,0.5818
8,tradeoff_and_non_monotonicity,no_graph,1.0,0.9861,0.6154,0.5621,0.6398
8,tradeoff_and_non_monotonicity,shuffled_graph,1.0,0.9859,0.5455,0.5503,0.6070
8,tradeoff_and_non_monotonicity,wrong_graph,1.0,0.9812,0.4000,0.4970,0.6179
8,tradeoff_and_non_monotonicity,no_synthesis,1.0,0.9841,0.4444,0.5917,0.6755
8,tradeoff_and_non_monotonicity,shuffled_synthesis,1.0,0.9890,0.9231,0.7041,0.7178
9,model_abstraction_and_breakdown,no_graph,1.0,0.9593,0.3333,0.5610,0.5787
9,model_abstraction_and_breakdown,shuffled_graph,1.0,0.9540,0.2857,0.5463,0.5389
9,model_abstraction_and_breakdown,wrong_graph,1.0,0.9502,0.3333,0.6098,0.5414
9,model_abstraction_and_breakdown,no_synthesis,1.0,0.9570,0.4000,0.5854,0.6306
9,model_abstraction_and_breakdown,shuffled_synthesis,1.0,0.9763,0.0000,0.6146,0.6217
10,hidden_variable_identification,no_graph,1.0,0.9495,0.2222,0.6387,0.6358
10,hidden_variable_identification,shuffled_graph,1.0,0.9492,0.5455,0.6555,0.6259
10,hidden_variable_identification,wrong_graph,1.0,0.9784,0.4000,0.6555,0.6355
10,hidden_variable_identification,no_synthesis,1.0,0.9533,0.2222,0.6387,0.6137
10,hidden_variable_identification,shuffled_synthesis,1.0,0.9545,0.5455,0.6134,0.6042
11,tradeoff_and_non_monotonicity,no_graph,1.0,0.9708,0.3636,0.4944,0.6773
11,tradeoff_and_non_monotonicity,shuffled_graph,1.0,0.9720,0.3636,0.5000,0.6624
11,tradeoff_and_non_monotonicity,wrong_graph,1.0,0.9797,0.7692,0.5667,0.6919
11,tradeoff_and_non_monotonicity,no_synthesis,1.0,0.9763,0.7692,0.5778,0.6935
11,tradeoff_and_non_monotonicity,shuffled_synthesis,1.0,0.9866,0.9333,0.6778,0.7209
12,hidden_variable_identification,no_graph,1.0,0.9289,0.5455,0.5591,0.5597
12,hidden_variable_identification,shuffled_graph,1.0,0.9589,0.6667,0.5512,0.5685
12,hidden_variable_identification,wrong_graph,1.0,0.9621,0.6667,0.5354,0.5684
12,hidden_variable_identification,no_synthesis,1.0,0.9633,0.6667,0.6142,0.6250
12,hidden_variable_identification,shuffled_synthesis,1.0,0.9734,0.8000,0.6614,0.6174
13,hidden_variable_identification,no_graph,1.0,0.9540,0.6667,0.4848,0.6645
13,hidden_variable_identification,shuffled_graph,1.0,0.9723,0.6667,0.5152,0.7129
13,hidden_variable_identification,wrong_graph,1.0,0.9529,0.5455,0.5455,0.6951
13,hidden_variable_identification,no_synthesis,1.0,0.9820,0.6000,0.5682,0.7400
13,hidden_variable_identification,shuffled_synthesis,1.0,0.9759,0.8000,0.6136,0.7568
14,hidden_variable_identification,no_graph,1.0,0.9754,0.7273,0.6429,0.6105
14,hidden_variable_identification,shuffled_graph,1.0,0.9761,0.8333,0.5595,0.6316
14,hidden_variable_identification,wrong_graph,1.0,0.9669,0.7273,0.5893,0.5527
14,hidden_variable_identification,no_synthesis,1.0,0.9748,0.6000,0.6548,0.6069
14,hidden_variable_identification,shuffled_synthesis,1.0,0.9610,0.3636,0.6190,0.5358
15,hidden_variable_identification,no_graph,1.0,0.9575,0.5000,0.5667,0.5800
15,hidden_variable_identification,shuffled_graph,1.0,0.9580,0.5000,0.5500,0.5819
15,hidden_variable_identification,wrong_graph,1.0,0.9562,0.5000,0.5500,0.5819
15,hidden_variable_identification,no_synthesis,1.0,0.9721,0.7500,0.6333,0.6750
15,hidden_variable_identification,shuffled_synthesis,1.0,0.9814,0.7500,0.6417,0.6446
16,model_abstraction_and_breakdown,no_graph,1.0,0.9644,0.5714,0.6183,0.6821
16,model_abstraction_and_breakdown,shuffled_graph,1.0,0.9667,0.5714,0.5878,0.7189
16,model_abstraction_and_breakdown,wrong_graph,1.0,0.9678,0.2857,0.5954,0.6667
16,model_abstraction_and_breakdown,no_synthesis,1.0,0.9687,0.6667,0.6489,0.7687
16,model_abstraction_and_breakdown,shuffled_synthesis,1.0,0.9534,0.8000,0.6870,0.7205
17,hidden_variable_identification,no_graph,1.0,0.9486,0.5455,0.5057,0.6104
17,hidden_variable_identification,shuffled_graph,1.0,0.9498,0.4615,0.5862,0.6413
17,hidden_variable_identification,wrong_graph,1.0,0.9664,0.6667,0.5287,0.6169
17,hidden_variable_identification,no_synthesis,1.0,0.9608,0.7692,0.6207,0.6328
17,hidden_variable_identification,shuffled_synthesis,1.0,0.9662,0.7143,0.5805,0.6607
18,hidden_variable_identification,no_graph,1.0,0.9781,0.5000,0.4924,0.6364
18,hidden_variable_identification,shuffled_graph,1.0,0.9776,0.5000,0.5606,0.6221
18,hidden_variable_identification,wrong_graph,1.0,0.9702,0.5714,0.5000,0.5498
18,hidden_variable_identification,no_synthesis,1.0,0.9754,0.6667,0.5152,0.5907
18,hidden_variable_identification,shuffled_synthesis,1.0,0.9737,0.4444,0.5682,0.6224
19,model_abstraction_and_breakdown,no_graph,1.0,0.9437,0.4444,0.6259,0.5730
19,model_abstraction_and_breakdown,shuffled_graph,1.0,0.9442,0.4444,0.6259,0.6059
19,model_abstraction_and_breakdown,wrong_graph,1.0,0.9343,0.2857,0.6115,0.5729
19,model_abstraction_and_breakdown,no_synthesis,1.0,0.9598,0.4000,0.5899,0.5584
19,model_abstraction_and_breakdown,shuffled_synthesis,1.0,0.9481,0.4444,0.7698,0.6524
20,hidden_variable_identification,no_graph,1.0,0.9596,0.2500,0.5130,0.5228
20,hidden_variable_identification,shuffled_graph,1.0,0.9714,0.0000,0.4805,0.5460
20,hidden_variable_identification,wrong_graph,1.0,0.9683,0.4444,0.5065,0.5470
20,hidden_variable_identification,no_synthesis,1.0,0.9761,0.4000,0.6234,0.5822
20,hidden_variable_identification,shuffled_synthesis,1.0,0.9729,0.2500,0.5390,0.5855
21,hidden_variable_identification,no_graph,1.0,0.8935,0.2857,0.4469,0.5310
21,hidden_variable_identification,shuffled_graph,1.0,0.9003,0.4000,0.4469,0.5015
21,hidden_variable_identification,wrong_graph,1.0,0.8976,0.3333,0.5251,0.5562
21,hidden_variable_identification,no_synthesis,1.0,0.8863,0.2222,0.5140,0.5749
21,hidden_variable_identification,shuffled_synthesis,1.0,0.8867,0.5714,0.4302,0.5215
22,hidden_variable_identification,no_graph,1.0,0.9672,0.8000,0.6569,0.6294
22,hidden_variable_identification,shuffled_graph,1.0,0.9791,0.5000,0.6131,0.6814
22,hidden_variable_identification,wrong_graph,1.0,0.9719,0.8000,0.6569,0.6246
22,hidden_variable_identification,no_synthesis,1.0,0.9685,0.7273,0.7299,0.7099
22,hidden_variable_identification,shuffled_synthesis,1.0,0.9745,0.6154,0.7591,0.6825
23,model_abstraction_and_breakdown,no_graph,1.0,0.9658,0.5000,0.5215,0.6954
23,model_abstraction_and_breakdown,shuffled_graph,1.0,0.9746,0.5000,0.5460,0.7195
23,model_abstraction_and_breakdown,wrong_graph,1.0,0.9773,0.5714,0.5337,0.7112
23,model_abstraction_and_breakdown,no_synthesis,1.0,0.9837,0.4444,0.6074,0.8000
23,model_abstraction_and_breakdown,shuffled_synthesis,1.0,0.9770,0.5000,0.6380,0.7163
24,hidden_variable_identification,no_graph,1.0,0.9647,0.4000,0.5614,0.5662
24,hidden_variable_identification,shuffled_graph,1.0,0.9620,0.5455,0.5965,0.5818
24,hidden_variable_identification,wrong_graph,1.0,0.9706,0.5714,0.5526,0.5581
24,hidden_variable_identification,no_synthesis,1.0,0.9669,0.7692,0.4474,0.4715
24,hidden_variable_identification,shuffled_synthesis,1.0,0.9805,0.6154,0.6667,0.5395
25,hidden_variable_identification,no_graph,1.0,0.9700,0.2857,0.4663,0.5378
25,hidden_variable_identification,shuffled_graph,1.0,0.9710,0.2857,0.4775,0.5673
25,hidden_variable_identification,wrong_graph,1.0,0.9712,0.5714,0.4831,0.5614
25,hidden_variable_identification,no_synthesis,1.0,0.9756,0.6667,0.5112,0.6217
25,hidden_variable_identification,shuffled_synthesis,1.0,0.9836,0.5714,0.5730,0.6158
26,hidden_variable_identification,no_graph,1.0,0.9731,0.3333,0.5491,0.6512
26,hidden_variable_identification,shuffled_graph,1.0,0.9793,0.4000,0.5670,0.7283
26,hidden_variable_identification,wrong_graph,1.0,0.9795,0.4000,0.5625,0.6854
26,hidden_variable_identification,no_synthesis,1.0,0.9747,0.8571,0.6384,0.7168
26,hidden_variable_identification,shuffled_synthesis,1.0,0.9815,0.6667,0.6652,0.7086
27,hidden_variable_identification,no_graph,1.0,0.9624,0.3636,0.5172,0.5965
27,hidden_variable_identification,shuffled_graph,1.0,0.9712,0.3636,0.5402,0.6027
27,hidden_variable_identification,wrong_graph,1.0,0.9522,0.3636,0.5345,0.6316
27,hidden_variable_identification,no_synthesis,1.0,0.9696,0.4615,0.6149,0.6413
27,hidden_variable_identification,shuffled_synthesis,1.0,0.9681,0.4615,0.6264,0.6752
28,model_abstraction_and_breakdown,no_graph,1.0,0.9641,0.5000,0.6704,0.6757
28,model_abstraction_and_breakdown,shuffled_graph,1.0,0.9678,0.5455,0.7151,0.7174
28,model_abstraction_and_breakdown,wrong_graph,1.0,0.9685,0.3636,0.6872,0.6759
28,model_abstraction_and_breakdown,no_synthesis,1.0,0.9772,0.6000,0.6648,0.7305
28,model_abstraction_and_breakdown,shuffled_synthesis,1.0,0.9764,0.6000,0.6704,0.7122
29,hidden_variable_identification,no_graph,1.0,0.9829,0.4444,0.6466,0.7027
29,hidden_variable_identification,shuffled_graph,1.0,0.9794,0.4444,0.6541,0.7230
29,hidden_variable_identification,wrong_graph,1.0,0.9724,0.5000,0.6241,0.6780
29,hidden_variable_identification,no_synthesis,1.0,0.9855,0.5714,0.6692,0.6892
29,hidden_variable_identification,shuffled_synthesis,1.0,0.9804,0.2500,0.6917,0.7167
30,model_abstraction_and_breakdown,no_graph,1.0,0.9539,0.6000,0.5299,0.5833
30,model_abstraction_and_breakdown,shuffled_graph,1.0,0.9610,0.7273,0.5970,0.6477
30,model_abstraction_and_breakdown,wrong_graph,1.0,0.9561,0.4615,0.6567,0.6369
30,model_abstraction_and_breakdown,no_synthesis,1.0,0.9677,0.4444,0.6493,0.6642
30,model_abstraction_and_breakdown,shuffled_synthesis,1.0,0.9611,0.5000,0.6716,0.6780
31,model_abstraction_and_breakdown,no_graph,1.0,0.9817,1.0000,0.5802,0.6730
31,model_abstraction_and_breakdown,shuffled_graph,1.0,0.9854,0.6667,0.5954,0.6811
31,model_abstraction_and_breakdown,wrong_graph,1.0,0.9800,0.6667,0.7405,0.6746
31,model_abstraction_and_breakdown,no_synthesis,1.0,0.9838,0.6667,0.6870,0.7327
31,model_abstraction_and_breakdown,shuffled_synthesis,1.0,0.9854,1.0000,0.7405,0.7295
32,tradeoff_and_non_monotonicity,no_graph,1.0,0.9468,0.4444,0.4066,0.5839
32,tradeoff_and_non_monotonicity,shuffled_graph,1.0,0.9600,0.7500,0.5934,0.6940
32,tradeoff_and_non_monotonicity,wrong_graph,1.0,0.9567,0.8889,0.4670,0.5886
32,tradeoff_and_non_monotonicity,no_synthesis,1.0,0.9597,0.8889,0.6044,0.7010
32,tradeoff_and_non_monotonicity,shuffled_synthesis,1.0,0.9777,0.7500,0.5989,0.6625
33,tradeoff_and_non_monotonicity,no_graph,1.0,0.9708,0.6667,0.5163,0.6910
33,tradeoff_and_non_monotonicity,shuffled_graph,1.0,0.9725,0.3333,0.5294,0.6458
33,tradeoff_and_non_monotonicity,wrong_graph,1.0,0.9659,0.5714,0.5686,0.7256
33,tradeoff_and_non_monotonicity,no_synthesis,1.0,0.9700,0.4000,0.5490,0.6624
33,tradeoff_and_non_monotonicity,shuffled_synthesis,1.0,0.9760,0.3333,0.6405,0.6954
34,hidden_variable_identification,no_graph,1.0,0.9436,0.6667,0.6014,0.6323
34,hidden_variable_identification,shuffled_graph,1.0,0.9515,0.5714,0.6014,0.6456
34,hidden_variable_identification,wrong_graph,1.0,0.9674,0.8235,0.6643,0.6731
34,hidden_variable_identification,no_synthesis,1.0,0.9641,0.6250,0.7133,0.6857
34,hidden_variable_identification,shuffled_synthesis,1.0,0.9761,0.7500,0.7273,0.7459
35,hidden_variable_identification,no_graph,1.0,0.9622,0.0000,0.5473,0.5735
35,hidden_variable_identification,shuffled_graph,1.0,0.9488,0.0000,0.4932,0.5489
35,hidden_variable_identification,wrong_graph,1.0,0.9589,0.0000,0.5270,0.5441
35,hidden_variable_identification,no_synthesis,1.0,0.9389,0.0000,0.6014,0.6475
35,hidden_variable_identification,shuffled_synthesis,1.0,0.9607,0.0000,0.5203,0.5792
36,tradeoff_and_non_monotonicity,no_graph,1.0,0.9766,0.4000,0.5063,0.5648
36,tradeoff_and_non_monotonicity,shuffled_graph,1.0,0.9771,0.6667,0.5316,0.5926
36,tradeoff_and_non_monotonicity,wrong_graph,1.0,0.9773,0.5000,0.4430,0.5430
36,tradeoff_and_non_monotonicity,no_synthesis,1.0,0.9751,0.8889,0.6646,0.8339
36,tradeoff_and_non_monotonicity,shuffled_synthesis,1.0,0.9735,0.6667,0.5949,0.7651
37,hidden_variable_identification,no_graph,1.0,0.9582,0.6000,0.5497,0.6474
37,hidden_variable_identification,shuffled_graph,1.0,0.9627,0.6000,0.5497,0.6367
37,hidden_variable_identification,wrong_graph,1.0,0.9641,0.4000,0.5497,0.6302
37,hidden_variable_identification,no_synthesis,1.0,0.9571,0.3636,0.6023,0.6490
37,hidden_variable_identification,shuffled_synthesis,1.0,0.9515,0.6000,0.5263,0.5960
38,model_abstraction_and_breakdown,no_graph,1.0,0.9651,0.4444,0.4769,0.5677
38,model_abstraction_and_breakdown,shuffled_graph,1.0,0.9651,0.3636,0.5692,0.5846
38,model_abstraction_and_breakdown,wrong_graph,1.0,0.9653,0.4000,0.5000,0.5723
38,model_abstraction_and_breakdown,no_synthesis,1.0,0.9547,0.5455,0.5538,0.5761
38,model_abstraction_and_breakdown,shuffled_synthesis,1.0,0.9696,0.4000,0.5615,0.6335
39,tradeoff_and_non_monotonicity,no_graph,1.0,0.9623,0.7273,0.5473,0.6453
39,tradeoff_and_non_monotonicity,shuffled_graph,1.0,0.9455,0.6667,0.5270,0.5841
39,tradeoff_and_non_monotonicity,wrong_graph,1.0,0.9449,0.7273,0.5203,0.6250
39,tradeoff_and_non_monotonicity,no_synthesis,1.0,0.9415,0.6667,0.5608,0.6000
39,tradeoff_and_non_monotonicity,shuffled_synthesis,1.0,0.9354,0.9091,0.5608,0.6242
